{
  "accuracy": 0.868,
  "precision": 0.902555910543131,
  "recall": 0.8883647798742138,
  "f1_score": 0.8954041204437401,
  "cross_val_mean": 0.8702499999999999,
  "cross_val_std": 0.008268917704270623,
  "confusion_matrix": [
    [
      303,
      61
    ],
    [
      71,
      565
    ]
  ],
  "feature_importance": {
    "month": 0.019237029334118735,
    "cpue_recent": 0.028422379873258023,
    "upwelling_index": 0.03049460128250823,
    "sst_current": 0.04741852246288749,
    "avg_weight_g": 0.05905656068688522,
    "cpue_trend_2y_pct": 0.08856261242771263,
    "avg_size_cm": 0.09292710324662154,
    "sst_spawn_delta": 0.11857929550577039,
    "months_to_repro": 0.22899419515317854,
    "size_maturity_ratio": 0.28630770002705924
  },
  "model_params": {
    "n_estimators": 200,
    "max_depth": 12,
    "min_samples_leaf": 5,
    "class_weight": "balanced"
  },
  "dataset_info": {
    "n_samples_total": 5000,
    "n_samples_train": 4000,
    "n_samples_test": 1000,
    "n_features": 10
  }
}